Бренд,Посилання
Aber,https://www.myqnapcloud.com/smartshare/76f5f806np2m2676sux5w18d_03d5e4592k982o5p105380x60465g2g4
AirNeo ПНЕВМАТИКА,https://www.myqnapcloud.com/smartshare/76f5f806np2m2676sux5w18d_01909k1jm55q272516w70zb8cz637dif
Amber Line,https://www.myqnapcloud.com/smartshare/76f5f806np2m2676sux5w18d_80e1if0h2m5o28s5rv39y265zc92178k
ATOS,https://www.myqnapcloud.com/smartshare/76f5f806np2m2676sux5w18d_6f87fflhjk1o24620wxu6w7y6792d787
Badestnost,https://www.myqnapcloud.com/smartshare/76f5f806np2m2676sux5w18d_8e7h58g9679p23pt0t48z74z4721362h
BART,https://www.myqnapcloud.com/smartshare/76f5f806np2m2676sux5w18d_8ghh9fg0nn8722o1q5527wz83a34ce4f
Bolender,https://www.myqnapcloud.com/smartshare/76f5f806np2m2676sux5w18d_3e851f61nnm425ou1v47z5byb02fg677
BREVINI POWER,https://www.myqnapcloud.com/smartshare/76f5f806np2m2676sux5w18d_485e8fk1299p2qtpq200w7z55d28210i
CAPRONI,https://www.myqnapcloud.com/smartshare/76f5f806np2m2676sux5w18d_3g7h410l5211214616t9zy1c6bbd1e5g
CASAPPA,https://www.myqnapcloud.com/smartshare/76f5f806np2m2676sux5w18d_d70g869hm05l2n20rru525y266c183i8
CBF,https://www.myqnapcloud.com/smartshare/76f5f806np2m2676sux5w18d_e0633i07j6lp2145025vyv2a71914254
CTM,https://www.myqnapcloud.com/smartshare/76f5f806np2m2676sux5w18d_78c744697jll28s01vvyza66d96gd827
DINAMIK MOTOR REDUKTOR,https://www.myqnapcloud.com/smartshare/76f5f806np2m2676sux5w18d_f00gf73735892n3tr7x294x3y83e28i6
DROPSA,https://www.myqnapcloud.com/smartshare/76f5f806np2m2676sux5w18d_a94295j70l3q2033rr906ay55zfc9e18
EGE мобільні баки,https://www.myqnapcloud.com/smartshare/76f5f806np2m2676sux5w18d_82c11398379l2355q1uy35bc08ade22f
EMMEGI,https://www.myqnapcloud.com/smartshare/76f5f806np2m2676sux5w18d_576hhigm1j282q69rw2658705da01449
EPE Italiana,https://www.myqnapcloud.com/smartshare/76f5f806np2m2676sux5w18d_56711g933mnn2o150113178481dd40j7
F.LLI,https://www.myqnapcloud.com/smartshare/76f5f806np2m2676sux5w18d_1be9086j0mm829s0rv7tz5z37b936770
FAI FILTRI S.r.L.,https://www.myqnapcloud.com/smartshare/76f5f806np2m2676sux5w18d_2f5dhj5kn1om2s94rt860015de1eei6j
Formiko (ротатори),https://www.myqnapcloud.com/smartshare/76f5f806np2m2676sux5w18d_78c744697jll28s01vvyza66d96gd827
FOX,https://www.myqnapcloud.com/smartshare/76f5f806np2m2676sux5w18d_2g1fe1ki051l2sp4qwvuyz1552c7e3ek
Frasma,https://www.myqnapcloud.com/smartshare/76f5f806np2m2676sux5w18d_4872f5l6lk002nq9q3725zwxz1333dfk
GAMAK MAKİNE,https://www.myqnapcloud.com/smartshare/76f5f806np2m2676sux5w18d_7g7256i4924m2958r3s4yz2yd0750f4g
GEMELS,https://www.myqnapcloud.com/smartshare/76f5f806np2m2676sux5w18d_e142ff0lkl35233p10w6636373c651g7
GMS,https://www.myqnapcloud.com/smartshare/76f5f806np2m2676sux5w18d_3g1f1gim87602q90q734u746z8ccchhh
"Neoflex / Handanshi Kangmai Hydraulic Equipment Co., Ltd СТАНКИ РВТ",https://www.myqnapcloud.com/smartshare/76f5f806np2m2676sux5w18d_63ehigk0127024s5r011v3w8d5d90i41
HANSA,https://www.myqnapcloud.com/smartshare/76f5f806np2m2676sux5w18d_35160005i03026350r0uy6b17b7e3788
Hidropnevmotechnika,https://www.myqnapcloud.com/smartshare/76f5f806np2m2676sux5w18d_95e3gk283m7626s013u5w35a690cf16k
HMS телескопічні гідроциліндри,https://www.myqnapcloud.com/smartshare/76f5f806np2m2676sux5w18d_c2g53306l6012r07r4suv00c1378f8hh
HP Туреччина,https://www.myqnapcloud.com/smartshare/76f5f806np2m2676sux5w18d_5e83g109jmln23st11154z0a6c0357fk
HST Німеччина,https://www.myqnapcloud.com/smartshare/76f5f806np2m2676sux5w18d_6ffhjg21l26l2ps202ux455c9b6b870j
HV hydraulic,https://www.myqnapcloud.com/smartshare/76f5f806np2m2676sux5w18d_5f8dek99n8612452112t77098df3h958
HVD без гарантії комплектуючі для тягачів,https://www.myqnapcloud.com/smartshare/76f5f806np2m2676sux5w18d_4f61e496kn252158quvtzx53766308fj
HYDAC,https://www.myqnapcloud.com/smartshare/76f5f806np2m2676sux5w18d_42c4594ji37728r9r750xy9z153c6i58
Hydrocar,https://www.myqnapcloud.com/smartshare/76f5f806np2m2676sux5w18d_721d801h2m0m29580840uywyy4d51f62
Hidroforce (лебідки),https://www.myqnapcloud.com/smartshare/76f5f806np2m2676sux5w18d_ddef36l435542r81rr5936yby526efhj
HYVA,https://www.myqnapcloud.com/smartshare/76f5f806np2m2676sux5w18d_bdc51g947l612523r542vw26a4ae1784
IFM (датчики),https://www.myqnapcloud.com/smartshare/76f5f806np2m2676sux5w18d_fee6ji53jm912qtr00v5606a0d2bf03g
IKRON,https://www.myqnapcloud.com/smartshare/76f5f806np2m2676sux5w18d_c66e0h66kl7m2rq8r3u354827cfe726k
ISO реле Mozioni,"Реле: https://www.myqnapcloud.com/smartshare/76f5f806np2m2676sux5w18d_771i75g990992924q43505964d4g4d14 
Клапани: https://www.myqnapcloud.com/smartshare/76f5f806np2m2676sux5w18d_dc8i0jij68922s1208xtzzz3809fd5e9 
Адаптер: https://www.myqnapcloud.com/smartshare/76f5f806np2m2676sux5w18d_446f19h4l4892o4u09v51z43a9f70ghh "
KAZEL,https://www.myqnapcloud.com/smartshare/76f5f806np2m2676sux5w18d_e81924382l852p4s13t074y99d41fg14
Kozmaksan (лебідки),https://www.myqnapcloud.com/smartshare/76f5f806np2m2676sux5w18d_b5334kj07o552r5q0ss7u15czzc8d5h5
LCC (Nanjing Xiading Electronic) - пульти,https://www.myqnapcloud.com/smartshare/76f5f806np2m2676sux5w18d_396d4k7m52ko22t006s45x268d482h22
LIFAM,https://www.myqnapcloud.com/smartshare/76f5f806np2m2676sux5w18d_3f235i879l3p2rq405392x22650f85ij
LONGKAI POWER ГЕНЕРАТОРИ ПРОМИСЛОВІ,https://www.myqnapcloud.com/smartshare/76f5f806np2m2676sux5w18d_b5334kj07o552r5q0ss7u15czzc8d5h5
M+S Hydraulic,https://www.myqnapcloud.com/smartshare/76f5f806np2m2676sux5w18d_e19011491886219sr14wvv24b0882he9
MARCHESINI,https://www.myqnapcloud.com/smartshare/76f5f806np2m2676sux5w18d_828365km44272rpq0621041aybb3h175
Motive,https://www.myqnapcloud.com/smartshare/76f5f806np2m2676sux5w18d_83018i7jn905287s13u1y1w6y6632fi7
MOZIONI насоси MGP,https://www.myqnapcloud.com/smartshare/76f5f806np2m2676sux5w18d_a2gh06454ol42r31rt7w34720381g79j
Mozioni насоси PC,https://www.myqnapcloud.com/smartshare/76f5f806np2m2676sux5w18d_7g53ih86jn892690q1vv72zx61ae3i68
MPfiltri,https://www.myqnapcloud.com/smartshare/76f5f806np2m2676sux5w18d_a611jh8l3jk320otq9t6976b391fc989
NEO-DCV аналог Badestnost,https://www.myqnapcloud.com/smartshare/76f5f806np2m2676sux5w18d_24776ik02nmn2235r3t5yx7021c59h28
NEO-DCV секційні розподільники,https://www.myqnapcloud.com/smartshare/76f5f806np2m2676sux5w18d_2cc7hfk108p82n191090w3x39a28038i
Oleodinamica 2MP,https://www.myqnapcloud.com/smartshare/76f5f806np2m2676sux5w18d_131hehj79nl0278r08t733495bb9g680
Oleodinamica MOZIONI,https://www.myqnapcloud.com/smartshare/76f5f806np2m2676sux5w18d_0gh4i9kl68op223r08t1z74c14999d00
Oleoweb,https://www.myqnapcloud.com/smartshare/76f5f806np2m2676sux5w18d_6467gjl09n3q2o27169407yz2b0381e8
OMFB,https://www.myqnapcloud.com/smartshare/76f5f806np2m2676sux5w18d_878dj0i0l12227p40s80xya62c476h48
OMT,https://www.myqnapcloud.com/smartshare/76f5f806np2m2676sux5w18d_dch3ji5ki6m52p3r18wx56442dce5hji
LUEN,https://www.myqnapcloud.com/smartshare/76f5f806np2m2676sux5w18d_df7de3k9885m20q4q0x4083z710956eh
Pnomek,https://www.myqnapcloud.com/smartshare/76f5f806np2m2676sux5w18d_a80d2j2472k026rt03wv37y4y481ce8g
PONAR,https://www.myqnapcloud.com/smartshare/76f5f806np2m2676sux5w18d_b39e1kk5n3k12082r1tw78b7z2a9118i
SAIP,https://www.myqnapcloud.com/smartshare/76f5f806np2m2676sux5w18d_d64i0g1139462r8tr2289v832ac778f0
SUNFAB,https://www.myqnapcloud.com/smartshare/76f5f806np2m2676sux5w18d_f07e6122ko4n20o60v74099c46ef0ei4
Shandong Shineeast Fluid Control Systems,https://www.myqnapcloud.com/smartshare/76f5f806np2m2676sux5w18d_6g6789iil3582679r4vwx862zceg4e93
VIBO (MPP),https://www.myqnapcloud.com/smartshare/76f5f806np2m2676sux5w18d_3dhe9j2kkn0l2637q631ya2y57dd8784
VIS Hydraulics SRL,https://www.myqnapcloud.com/smartshare/76f5f806np2m2676sux5w18d_208hgi2l7oln20p81wux880x52908g33
VIVOIL,https://www.myqnapcloud.com/smartshare/76f5f806np2m2676sux5w18d_92cg028i5jon26211r2wu67azdc20e88
Walvoil,https://www.myqnapcloud.com/smartshare/76f5f806np2m2676sux5w18d_c3f117gh29242rsq0r32y638a3c75d9g
Webtec,https://www.myqnapcloud.com/smartshare/76f5f806np2m2676sux5w18d_bc19672291m82996r4070w276z2609h8
YEOSHE,-
ГІДРОСИЛА,https://www.myqnapcloud.com/smartshare/76f5f806np2m2676sux5w18d_62445h0l180925231t6uz7yxzcf944e5
Електромагніти,https://www.myqnapcloud.com/smartshare/76f5f806np2m2676sux5w18d_cd055j338122207sq3u68wy5y5447725
РВТ арматура,https://www.myqnapcloud.com/smartshare/76f5f806np2m2676sux5w18d_e01gf54j25892s81010564z811dgc45h
Роз'єми,https://www.myqnapcloud.com/smartshare/76f5f806np2m2676sux5w18d_7ed6j536768423tsr9536z5cy60ed8e3
Трос Україна,https://www.myqnapcloud.com/smartshare/76f5f806np2m2676sux5w18d_3ghe57k56j61205tr9uy4999zcf85197